episode,avg_reward
0,-399.0
1,-357.0
2,-192.66666666666666
3,-247.75
4,-270.2
5,-300.5
6,-313.57142857142856
7,-320.0
8,-331.3333333333333
9,-343.8
